<?xml version="1.0" encoding="UTF-8"?>
<project-private xmlns="http://www.netbeans.org/ns/project-private/1">
    <editor-bookmarks xmlns="http://www.netbeans.org/ns/editor-bookmarks/2" lastBookmarkId="0"/>
    <open-files xmlns="http://www.netbeans.org/ns/projectui-open-files/2">
        <group>
            <file>file:/C:/OSPanel/domains/localhost/schedule/classes/User.php</file>
            <file>file:/C:/OSPanel/domains/localhost/schedule/classes/Helper.php</file>
            <file>file:/C:/OSPanel/domains/localhost/schedule/template/menu.php</file>
            <file>file:/C:/OSPanel/domains/localhost/schedule/index.php</file>
            <file>file:/C:/OSPanel/domains/localhost/schedule/secure.php</file>
            <file>file:/C:/OSPanel/domains/localhost/schedule/template/login.php</file>
            <file>file:/C:/OSPanel/domains/localhost/schedule/template/footer.php</file>
            <file>file:/C:/OSPanel/domains/localhost/schedule/auth.php</file>
            <file>file:/C:/OSPanel/domains/localhost/schedule/template/header.php</file>
            <file>file:/C:/OSPanel/domains/localhost/schedule/classes/UserMap.php</file>
        </group>
    </open-files>
</project-private>
